algorithm,qubits,compiler,opt_level,gate_count,depth,compile_time,2q_gates,swap_gates,success
ghz,5,Qiskit,0,25,14,0.9193167686462402,16,0,True
ghz,5,Qiskit,3,13,8,0.017071962356567383,4,0,True
ghz,5,Cirq,0,22,10,0.022995710372924805,4,0,True
ghz,5,Cirq,3,22,10,0.02200174331665039,4,0,True
ghz,5,pytket,0,11,6,0.0019898414611816406,4,0,True
ghz,5,pytket,3,11,6,0.13800525665283203,4,0,True
ghz,10,Qiskit,0,71,43,0.008025884628295898,57,0,True
ghz,10,Qiskit,3,23,13,0.019924402236938477,9,0,True
ghz,10,Cirq,0,47,20,0.03899860382080078,9,0,True
ghz,10,Cirq,3,47,20,0.05300402641296387,9,0,True
ghz,10,pytket,0,21,11,0.0020003318786621094,9,0,True
ghz,10,pytket,3,21,11,0.2738785743713379,9,0,True
ghz,15,Qiskit,0,114,67,0.0050220489501953125,95,0,True
ghz,15,Qiskit,3,33,18,0.019906044006347656,14,0,True
ghz,15,Cirq,0,72,30,0.05799746513366699,14,0,True
ghz,15,Cirq,3,72,30,0.06999897956848145,14,0,True
ghz,15,pytket,0,43,22,0.004002571105957031,26,3,True
ghz,15,pytket,3,43,22,0.45320606231689453,26,3,True
ghz,20,Qiskit,0,190,99,0.004997968673706055,166,0,True
ghz,20,Qiskit,3,43,23,0.017996788024902344,19,0,True
ghz,20,Cirq,0,97,40,0.0783846378326416,19,0,True
ghz,20,Cirq,3,97,40,0.10370421409606934,19,0,True
ghz,20,pytket,0,86,36,0.009200572967529297,64,13,True
ghz,20,pytket,3,86,36,0.5717852115631104,64,13,True
ghz,25,Qiskit,0,218,137,0.007999658584594727,189,0,True
ghz,25,Qiskit,3,122,81,0.06577134132385254,47,0,True
ghz,25,Cirq,0,134,58,0.10608053207397461,36,12,True
ghz,25,Cirq,3,134,55,0.13925457000732422,36,12,True
ghz,25,pytket,0,114,49,0.014994621276855469,87,18,True
ghz,25,pytket,3,114,49,0.7969534397125244,87,18,True
dj,5,Qiskit,0,47,21,0.004952430725097656,10,0,True
dj,5,Qiskit,3,41,17,0.016002893447875977,5,0,True
dj,5,Cirq,0,19,10,0.025993824005126953,5,1,True
dj,5,Cirq,3,19,8,0.027202606201171875,5,1,True
dj,5,pytket,0,35,22,0.002999544143676758,16,4,True
dj,5,pytket,3,30,19,0.23563170433044434,16,4,True
dj,10,Qiskit,0,161,80,0.006994485855102539,81,0,True
dj,10,Qiskit,3,106,42,0.028031110763549805,22,0,True
dj,10,Cirq,0,47,24,0.05399465560913086,18,9,True
dj,10,Cirq,3,47,16,0.06756877899169922,18,9,True
dj,10,pytket,0,108,51,0.013002634048461914,66,19,True
dj,10,pytket,3,95,45,0.5702023506164551,66,19,True
dj,15,Qiskit,0,223,105,0.006489992141723633,104,0,True
dj,15,Qiskit,3,158,62,0.028462886810302734,41,0,True
dj,15,Cirq,0,79,41,0.08499813079833984,35,21,True
dj,15,Cirq,3,79,31,0.10779142379760742,35,21,True
dj,15,pytket,0,204,80,0.028792619705200195,143,43,True
dj,15,pytket,3,187,72,0.9231429100036621,143,43,True
dj,20,Qiskit,0,324,134,0.0061342716217041016,166,0,True
dj,20,Qiskit,3,228,108,0.03299856185913086,58,0,True
dj,20,Cirq,0,117,62,0.11433744430541992,58,39,True
dj,20,Cirq,3,117,44,0.13938093185424805,58,39,True
dj,20,pytket,0,327,110,0.038472652435302734,247,76,True
dj,20,pytket,3,306,102,1.1607513427734375,247,76,True
dj,25,Qiskit,0,422,186,0.008086204528808594,225,0,True
dj,25,Qiskit,3,293,136,0.04007554054260254,80,0,True
dj,25,Cirq,0,149,82,0.14491701126098633,75,51,True
dj,25,Cirq,3,149,63,0.16022229194641113,75,51,True
dj,25,pytket,0,480,139,0.06833839416503906,381,119,True
dj,25,pytket,3,455,132,1.5485076904296875,381,119,True
qft,5,Qiskit,0,107,77,0.006010532379150391,56,0,True
qft,5,Qiskit,3,83,49,0.019999265670776367,28,0,True
qft,5,Cirq,0,89,47,0.06799578666687012,34,8,True
qft,5,Cirq,3,89,47,0.10851669311523438,34,8,True
qft,5,pytket,0,88,74,0.007999658584594727,47,9,True
qft,5,pytket,3,62,54,0.5261728763580322,35,5,True
qft,10,Qiskit,0,551,236,0.007915019989013672,375,0,True
qft,10,Qiskit,3,404,153,0.04508399963378906,147,0,True
qft,10,Cirq,0,391,133,0.29860687255859375,191,86,True
qft,10,Cirq,3,385,124,0.33119654655456543,185,80,True
qft,10,pytket,0,417,193,0.04199481010437012,261,57,True
qft,10,pytket,3,318,165,2.401111602783203,216,42,True
qft,15,Qiskit,0,1141,396,0.010992765426635742,765,0,True
qft,15,Qiskit,3,952,348,0.1040644645690918,431,0,True
qft,15,Cirq,0,841,233,0.6689882278442383,426,195,True
qft,15,Cirq,3,837,215,0.7233836650848389,422,191,True
qft,15,pytket,0,922,300,0.1299755573272705,576,122,True
qft,15,pytket,3,722,265,6.0465168952941895,495,95,True
qft,20,Qiskit,0,2006,529,0.01199197769165039,1355,0,True
qft,20,Qiskit,3,2153,441,0.15706253051757812,734,0,True
qft,20,Cirq,0,1542,343,1.3056704998016357,817,407,True
qft,20,Cirq,3,1508,327,1.496300458908081,783,373,True
qft,20,pytket,0,1777,482,0.3199882507324219,1166,262,True
qft,20,pytket,3,1421,423,10.922953367233276,1019,213,True
qft,25,Qiskit,0,3278,943,0.018001794815063477,2277,0,True
qft,25,Qiskit,3,2832,733,0.29242682456970215,1432,0,True
qft,25,Cirq,0,2384,574,2.068357229232788,1284,648,True
qft,25,Cirq,3,2265,423,2.285555124282837,1165,529,True
qft,25,pytket,0,2906,921,0.6790413856506348,1955,448,True
qft,25,pytket,3,2313,733,17.5607488155365,1686,362,True
grover,5,Qiskit,0,862,711,0.011001348495483398,387,0,True
grover,5,Qiskit,3,857,591,0.12990403175354004,305,0,True
grover,5,Cirq,0,541,365,0.70027756690979,233,65,True
grover,5,Cirq,3,541,364,0.8208937644958496,233,65,True
grover,5,pytket,0,620,521,0.026999950408935547,312,47,True
grover,5,pytket,3,506,445,5.021770477294922,312,47,True
grover,10,Qiskit,0,84628,57224,0.30101728439331055,54159,0,True
grover,10,Qiskit,3,68229,44189,7.330573320388794,25392,0,True
grover,10,Cirq,0,47543,29826,57.61989164352417,21377,8321,True
grover,10,Cirq,3,47278,28430,65.82857012748718,21112,8056,True
grover,10,pytket,0,50567,37333,4.96696662902832,30486,4878,True
grover,10,pytket,3,43580,32681,2765.6745064258575,30520,4878,True
